:ID,name,:LABEL,date,details,dob,historical,prescription_date,remarks,sex,status,type
patient_5,Michael Wilson,Patient,,,1980-05-12,,,Cardiac history,Male,,
symptom_allergy_aspirin,Allergy to aspirin,Symptom,,,,,,,,,allergy
symptom_coronary_artery_disease,Coronary Artery Disease,Symptom,,,,,,,,,condition
medication_beta_blockers,Beta Blockers,Medication,,,,True,,,,,
medication_statins,Statins,Medication,,,,True,,,,,
encounter_lab_2024_08_30,Lab Session 2024-08-30,Encounter,2024-08-30,,,,,,,,laboratory
labtest_enzyme_test_2024_08_30,Enzyme Test,LabTest,,"Cardiac enzyme test: Troponin negative, CK-MB normal",,,,,,,
encounter_lab_2024_08_20,Lab Session 2024-08-20,Encounter,2024-08-20,,,,,,,,laboratory
labtest_cholesterol,Cholesterol,LabTest,,,,,,,,,
medication_Metoprolol,Metoprolol,Medication,,Metoprolol 50mg twice daily,,,2024-08-30,,,,
medication_atorvastatin,Atorvastatin,Medication,,Atorvastatin 20mg at bedtime,,,2024-08-20,,,,
encounter_appointment_2024_10_01,Appointment 2024-10-01,Encounter,2024-10-01,,,,,,,Scheduled,appointment
symptom_pain,Pain,Symptom,,,,,,,,,
symptom_cardiac,Cardiac,Symptom,,,,,,,,,
symptom_chest_pain,Chest Pain,Symptom,,,,,,,,,
encounter_appointment_2024_08_30,Appointment 2024-08-30,Encounter,2024-08-30,,,,,,,Completed,appointment
symptom_shortness_of_breath,Shortness Of Breath,Symptom,,,,,,,,,
